date,value,trend,seasonal,residual
2016-09-01,51.28,50.0,2.0,-0.72
2016-10-01,59.935,50.8,10.0,-0.865
2016-11-01,63.436,51.6,12.392,-0.557
2016-12-01,65.91,52.4,10.0,3.51
2017-01-01,58.954,53.2,6.392,-0.638
2017-02-01,50.513,54.0,4.0,-7.487
2017-03-01,58.462,54.8,2.0,1.662
2017-04-01,52.263,55.6,-2.0,-1.337
2017-05-01,46.923,56.4,-8.392,-1.085
2017-06-01,43.779,57.2,-14.0,0.579
2017-07-01,44.769,58.0,-14.392,1.161
2017-08-01,56.618,58.8,-8.0,5.818
2017-09-01,64.883,59.6,2.0,3.283
2017-10-01,70.953,60.4,10.0,0.553
2017-11-01,69.901,61.2,12.392,-3.692
2017-12-01,66.927,62.0,10.0,-5.073
2018-01-01,70.424,62.8,6.392,1.232
2018-02-01,74.155,63.6,4.0,6.555
2018-03-01,66.608,64.4,2.0,0.208
2018-04-01,62.668,65.2,-2.0,-0.532
2018-05-01,60.267,66.0,-8.392,2.659
2018-06-01,45.532,66.8,-14.0,-7.268
2018-07-01,51.646,67.6,-14.392,-1.561
2018-08-01,62.852,68.4,-8.0,2.452
2018-09-01,75.567,69.2,2.0,4.367
2018-10-01,78.797,70.0,10.0,-1.203
2018-11-01,85.075,70.8,12.392,1.883
2018-12-01,82.841,71.6,10.0,1.241
2019-01-01,82.704,72.4,6.392,3.912
2019-02-01,71.634,73.2,4.0,-5.566
2019-03-01,78.841,74.0,2.0,2.841
2019-04-01,65.227,74.8,-2.0,-7.573
2019-05-01,54.108,75.6,-8.392,-13.1
2019-06-01,59.366,76.4,-14.0,-3.034
2019-07-01,58.229,77.2,-14.392,-4.579
2019-08-01,74.38,78.0,-8.0,4.38
2019-09-01,84.121,78.8,2.0,3.321
2019-10-01,83.505,79.6,10.0,-6.095
2019-11-01,97.029,80.4,12.392,4.237
2019-12-01,86.189,81.2,10.0,-5.011
2020-01-01,87.961,82.0,6.392,-0.431
2020-02-01,85.331,82.8,4.0,-1.469
2020-03-01,86.172,83.6,2.0,0.572
2020-04-01,86.493,84.4,-2.0,4.093
2020-05-01,80.0,85.2,-8.392,3.192
2020-06-01,73.749,86.0,-14.0,1.749
2020-07-01,75.657,86.8,-14.392,3.25
2020-08-01,81.992,87.6,-8.0,2.392
2020-09-01,87.265,88.4,2.0,-3.135
2020-10-01,95.613,89.2,10.0,-3.587
2020-11-01,100.042,90.0,12.392,-2.35
2020-12-01,103.297,90.8,10.0,2.497
2021-01-01,96.742,91.6,6.392,-1.251
2021-02-01,108.079,92.4,4.0,11.679
2021-03-01,91.104,93.2,2.0,-4.096
2021-04-01,86.506,94.0,-2.0,-5.494
2021-05-01,90.25,94.8,-8.392,3.842
2021-06-01,88.709,95.6,-14.0,7.109
2021-07-01,84.536,96.4,-14.392,2.528
2021-08-01,93.379,97.2,-8.0,4.179
2021-09-01,107.132,98.0,2.0,7.132
2021-10-01,108.33,98.8,10.0,-0.47
2021-11-01,104.878,99.6,12.392,-7.115
2021-12-01,107.74,100.4,10.0,-2.66
2022-01-01,112.357,101.2,6.392,4.764
2022-02-01,98.782,102.0,4.0,-7.218
2022-03-01,104.968,102.8,2.0,0.168
2022-04-01,102.866,103.6,-2.0,1.266
2022-05-01,94.43,104.4,-8.392,-1.578
2022-06-01,94.818,105.2,-14.0,3.618
2022-07-01,94.512,106.0,-14.392,2.904
2022-08-01,110.407,106.8,-8.0,11.607
2022-09-01,112.7,107.6,2.0,3.1
2022-10-01,115.353,108.4,10.0,-3.047
2022-11-01,118.783,109.2,12.392,-2.809
2022-12-01,115.842,110.0,10.0,-4.158
2023-01-01,121.954,110.8,6.392,4.761
2023-02-01,112.766,111.6,4.0,-2.834
2023-03-01,114.049,112.4,2.0,-0.351
2023-04-01,114.947,113.2,-2.0,3.747
2023-05-01,101.99,114.0,-8.392,-3.617
2023-06-01,99.332,114.8,-14.0,-1.468
2023-07-01,92.001,115.6,-14.392,-9.206
2023-08-01,102.988,116.4,-8.0,-5.412
2023-09-01,116.361,117.2,2.0,-2.839
2023-10-01,130.079,118.0,10.0,2.079
2023-11-01,137.16,118.8,12.392,5.967
2023-12-01,129.508,119.6,10.0,-0.092
2024-01-01,128.099,120.4,6.392,1.307
2024-02-01,126.04,121.2,4.0,0.84
2024-03-01,129.424,122.0,2.0,5.424
2024-04-01,125.267,122.8,-2.0,4.467
2024-05-01,116.576,123.6,-8.392,1.368
2024-06-01,105.345,124.4,-14.0,-5.055
2024-07-01,115.325,125.2,-14.392,4.517
2024-08-01,119.905,126.0,-8.0,1.905
2024-09-01,134.935,126.8,2.0,6.135
2024-10-01,137.45,127.6,10.0,-0.15
2024-11-01,150.558,128.4,12.392,9.766
2024-12-01,137.406,129.2,10.0,-1.794
2025-01-01,144.358,130.0,6.392,7.965
2025-02-01,135.376,130.8,4.0,0.576
2025-03-01,131.019,131.6,2.0,-2.581
2025-04-01,124.758,132.4,-2.0,-5.642
2025-05-01,124.053,133.2,-8.392,-0.755
2025-06-01,127.117,134.0,-14.0,7.117
2025-07-01,124.49,134.8,-14.392,4.082
2025-08-01,131.044,135.6,-8.0,3.444
2025-09-01,126.521,136.4,2.0,-11.879
2025-10-01,150.755,137.2,10.0,3.555
2025-11-01,153.172,138.0,12.392,2.779
2025-12-01,146.05,138.8,10.0,-2.75
2026-01-01,142.855,139.6,6.392,-3.137
2026-02-01,144.388,140.4,4.0,-0.012
2026-03-01,151.824,141.2,2.0,8.624
2026-04-01,134.724,142.0,-2.0,-5.276
2026-05-01,132.269,142.8,-8.392,-2.139
2026-06-01,136.409,143.6,-14.0,6.809
2026-07-01,127.777,144.4,-14.392,-2.231
2026-08-01,135.379,145.2,-8.0,-1.821
